<?xml version="1.0"?>
<doc>
    <assembly>
        <name>HelloWorldWpf</name>
    </assembly>
    <members>
        <member name="T:HelloWorldWpf.App">
            <summary>
            Interaction logic for App.
            </summary>
            <summary>
            App
            </summary>
        </member>
        <member name="M:HelloWorldWpf.App.InitializeComponent">
            <summary>
            InitializeComponent
            </summary>
        </member>
        <member name="M:HelloWorldWpf.App.Main">
            <summary>
            Application Entry Point.
            </summary>
        </member>
        <member name="T:HelloWorldWpf.MainWindow">
            <summary>
            Interaction logic for MainWindow.
            </summary>
            <summary>
            MainWindow
            </summary>
        </member>
        <member name="M:HelloWorldWpf.MainWindow.InitializeComponent">
            <summary>
            InitializeComponent
            </summary>
        </member>
    </members>
</doc>
